id;category;食譜名稱;網址;圖片相對路徑
477399;高麗菜;金沙高麗菜;https://icook.tw/recipes/477399;data/images\高麗菜\477399_金沙高麗菜.jpg
473843;高麗菜;焗烤高麗菜;https://icook.tw/recipes/473843;data/images\高麗菜\473843_焗烤高麗菜.jpg
473157;高麗菜;蒜苗炒高麗菜;https://icook.tw/recipes/473157;data/images\高麗菜\473157_蒜苗炒高麗菜.jpg
478677;高麗菜;魚香高麗菜;https://icook.tw/recipes/478677;data/images\高麗菜\478677_魚香高麗菜.jpg
479753;高麗菜;玉米高麗菜水餃;https://icook.tw/recipes/479753;data/images\高麗菜\479753_玉米高麗菜水餃.jpg
475638;高麗菜;高麗菜飯;https://icook.tw/recipes/475638;data/images\高麗菜\475638_高麗菜飯.jpg
477648;高麗菜;蝦醬高麗菜;https://icook.tw/recipes/477648;data/images\高麗菜\477648_蝦醬高麗菜.jpg
479116;高麗菜;高麗菜豬肉水餃;https://icook.tw/recipes/479116;data/images\高麗菜\479116_高麗菜豬肉水餃.jpg
474237;高麗菜;高麗菜封;https://icook.tw/recipes/474237;data/images\高麗菜\474237_高麗菜封.jpg
475601;高麗菜;炒高麗菜;https://icook.tw/recipes/475601;data/images\高麗菜\475601_炒高麗菜.jpg
475061;高麗菜;炒高麗菜;https://icook.tw/recipes/475061;data/images\高麗菜\475061_炒高麗菜.jpg
468318;高麗菜;高麗菜炒豆皮;https://icook.tw/recipes/468318;data/images\高麗菜\468318_高麗菜炒豆皮.jpg
477692;高麗菜;手撕高麗菜;https://icook.tw/recipes/477692;data/images\高麗菜\477692_手撕高麗菜.jpg
479821;高麗菜;鹽昆布高麗菜雞腿飯;https://icook.tw/recipes/479821;data/images\高麗菜\479821_鹽昆布高麗菜雞腿飯.jpg
479809;高麗菜;鹽昆布高麗菜沙拉;https://icook.tw/recipes/479809;data/images\高麗菜\479809_鹽昆布高麗菜沙拉.jpg
476128;高麗菜;炒高麗菜冬粉;https://icook.tw/recipes/476128;data/images\高麗菜\476128_炒高麗菜冬粉.jpg
471981;高麗菜;高麗菜煎餅;https://icook.tw/recipes/471981;data/images\高麗菜\471981_高麗菜煎餅.jpg
478733;高麗菜;鹽昆布拌高麗菜;https://icook.tw/recipes/478733;data/images\高麗菜\478733_鹽昆布拌高麗菜.jpg
479669;高麗菜;韓式辣拌高麗菜;https://icook.tw/recipes/479669;data/images\高麗菜\479669_韓式辣拌高麗菜.jpg
477225;高麗菜;高麗菜肉捲;https://icook.tw/recipes/477225;data/images\高麗菜\477225_高麗菜肉捲.jpg
474541;高麗菜;高麗菜煎;https://icook.tw/recipes/474541;data/images\高麗菜\474541_高麗菜煎.jpg
478897;高麗菜;剩飯做成高麗菜飯;https://icook.tw/recipes/478897;data/images\高麗菜\478897_剩飯做成高麗菜飯.jpg
474828;高麗菜;培根高麗菜/10分鐘;https://icook.tw/recipes/474828;data/images\高麗菜\474828_培根高麗菜_10分鐘.jpg
475306;高麗菜;高麗菜炒冬粉;https://icook.tw/recipes/475306;data/images\高麗菜\475306_高麗菜炒冬粉.jpg
474920;高麗菜;餐廳的高麗菜;https://icook.tw/recipes/474920;data/images\高麗菜\474920_餐廳的高麗菜.jpg
473664;高麗菜;高麗菜炒飯;https://icook.tw/recipes/473664;data/images\高麗菜\473664_高麗菜炒飯.jpg
477978;高麗菜;高麗菜玉米豬肉水餃;https://icook.tw/recipes/477978;data/images\高麗菜\477978_高麗菜玉米豬肉水餃.jpg
477917;高麗菜;高麗菜嬰泡菜 / 涼拌菜;https://icook.tw/recipes/477917;data/images\高麗菜\477917_高麗菜嬰泡菜 _ 涼拌菜.jpg
478205;高麗菜;高麗菜筍絲粥/鹹粥;https://icook.tw/recipes/478205;data/images\高麗菜\478205_高麗菜筍絲粥_鹹粥.jpg
475277;高麗菜;高麗菜炒洋菇;https://icook.tw/recipes/475277;data/images\高麗菜\475277_高麗菜炒洋菇.jpg
474189;高麗菜;番茄高麗菜煎餅;https://icook.tw/recipes/474189;data/images\高麗菜\474189_番茄高麗菜煎餅.jpg
471980;高麗菜;味噌味雞胸炒高麗菜;https://icook.tw/recipes/471980;data/images\高麗菜\471980_味噌味雞胸炒高麗菜.jpg
473274;高麗菜;蝦米香菇高麗菜;https://icook.tw/recipes/473274;data/images\高麗菜\473274_蝦米香菇高麗菜.jpg
476533;高麗菜;不銹鋼鍋炒高麗菜;https://icook.tw/recipes/476533;data/images\高麗菜\476533_不銹鋼鍋炒高麗菜.jpg
474408;高麗菜;高麗菜醬油炒飯;https://icook.tw/recipes/474408;data/images\高麗菜\474408_高麗菜醬油炒飯.jpg
475779;高麗菜;臘肉高麗菜心炒飯;https://icook.tw/recipes/475779;data/images\高麗菜\475779_臘肉高麗菜心炒飯.jpg
477700;高麗菜;蒜炒高麗菜嬰 / 家常菜;https://icook.tw/recipes/477700;data/images\高麗菜\477700_蒜炒高麗菜嬰 _ 家常菜.jpg
474172;高麗菜;素高麗菜捲;https://icook.tw/recipes/474172;data/images\高麗菜\474172_素高麗菜捲.jpg
475327;高麗菜;餐廳的高麗菜 Part3;https://icook.tw/recipes/475327;data/images\高麗菜\475327_餐廳的高麗菜 Part3.jpg
473953;高麗菜;台式泡菜（高麗菜）;https://icook.tw/recipes/473953;data/images\高麗菜\473953_台式泡菜（高麗菜）.jpg
471451;高麗菜;高麗菜封;https://icook.tw/recipes/471451;data/images\高麗菜\471451_高麗菜封.jpg
459784;高麗菜;高麗菜煎餅;https://icook.tw/recipes/459784;data/images\高麗菜\459784_高麗菜煎餅.jpg
479055;高麗菜;🥕玉米高麗菜炒飯🌽;https://icook.tw/recipes/479055;data/images\高麗菜\479055_🥕玉米高麗菜炒飯🌽.jpg
474215;高麗菜;高麗菜炒肉末;https://icook.tw/recipes/474215;data/images\高麗菜\474215_高麗菜炒肉末.jpg
473811;高麗菜;高麗菜豬肉水餃;https://icook.tw/recipes/473811;data/images\高麗菜\473811_高麗菜豬肉水餃.jpg
476802;高麗菜;《日式關東煮高麗菜捲》來當高麗菜富翁;https://icook.tw/recipes/476802;data/images\高麗菜\476802_《日式關東煮高麗菜捲》來當高麗菜富翁.jpg
469623;高麗菜;高麗菜餅;https://icook.tw/recipes/469623;data/images\高麗菜\469623_高麗菜餅.jpg
460508;高麗菜;高麗菜乾煎蛋;https://icook.tw/recipes/460508;data/images\高麗菜\460508_高麗菜乾煎蛋.jpg
473626;高麗菜;沙茶炒高麗菜;https://icook.tw/recipes/473626;data/images\高麗菜\473626_沙茶炒高麗菜.jpg
475063;高麗菜;餐廳的高麗菜Part2;https://icook.tw/recipes/475063;data/images\高麗菜\475063_餐廳的高麗菜Part2.jpg
