id,category,preview_tag
477399,高麗菜,高麗菜
477399,高麗菜,鹹蛋
477399,高麗菜,紅蘿蔔
477399,高麗菜,蒜頭
477399,高麗菜,蝦米
477399,高麗菜,辣椒可省略
477399,高麗菜,鹽
477399,高麗菜,青蔥
473843,高麗菜,高麗菜
473843,高麗菜,乳酪絲
473843,高麗菜,雞粉
473843,高麗菜,鹽
473843,高麗菜,黑胡椒
473157,高麗菜,蒜苗
473157,高麗菜,高麗菜
473157,高麗菜,雞粉
473157,高麗菜,鹽
473157,高麗菜,糖
478677,高麗菜,高麗菜
478677,高麗菜,豬絞肉
478677,高麗菜,辣豆瓣醬
478677,高麗菜,薑末
478677,高麗菜,醬油
478677,高麗菜,蒜末
478677,高麗菜,鹽
478677,高麗菜,蔥花
479753,高麗菜,豬絞肉
479753,高麗菜,高麗菜
479753,高麗菜,醬油
479753,高麗菜,玉米粒
479753,高麗菜,香油
479753,高麗菜,雞蛋
479753,高麗菜,鹽
479753,高麗菜,餃子皮
479753,高麗菜,胡椒粉
479753,高麗菜,糖
475638,高麗菜,豬五花肉切塊
475638,高麗菜,高麗菜切塊
475638,高麗菜,蒜頭切末
475638,高麗菜,白米
475638,高麗菜,鮮香菇切片
475638,高麗菜,蠔油
475638,高麗菜,蝦米
475638,高麗菜,醬油
475638,高麗菜,油蔥酥
475638,高麗菜,白胡椒粉
475638,高麗菜,清水
475638,高麗菜,糖
475638,高麗菜,鹽巴
477648,高麗菜,高麗菜
477648,高麗菜,蝦醬
477648,高麗菜,辣椒
477648,高麗菜,蒜末
479116,高麗菜,豬絞肉
479116,高麗菜,高麗菜
479116,高麗菜,清醬油
479116,高麗菜,薑泥
479116,高麗菜,香油
479116,高麗菜,青蔥花
479116,高麗菜,胡椒粉
479116,高麗菜,玉米粒
479116,高麗菜,黑木耳
479116,高麗菜,飲用水
474237,高麗菜,高麗菜
474237,高麗菜,絞肉
474237,高麗菜,蔥
474237,高麗菜,醬油
474237,高麗菜,白胡椒
474237,高麗菜,麻油
475601,高麗菜,高麗菜
475601,高麗菜,蒜頭
475601,高麗菜,鹽
475601,高麗菜,蝦米
475601,高麗菜,醬油
475601,高麗菜,烏醋
475061,高麗菜,高麗菜
475061,高麗菜,枸杞
475061,高麗菜,油
475061,高麗菜,水
468318,高麗菜,高麗菜
468318,高麗菜,煙燻豆包
468318,高麗菜,雞粉
468318,高麗菜,鹽
468318,高麗菜,糖
477692,高麗菜,豬五花肉切片
477692,高麗菜,高麗菜
477692,高麗菜,蔥切末
477692,高麗菜,蒜頭切末
477692,高麗菜,蠔油
477692,高麗菜,乾辣椒切段
477692,高麗菜,烏醋
477692,高麗菜,鹽巴
477692,高麗菜,糖
479821,高麗菜,米
479821,高麗菜,水
479821,高麗菜,雞腿
479821,高麗菜,高麗菜
479821,高麗菜,蒜頭辦
479821,高麗菜,昆布鹽
479809,高麗菜,高麗菜
479809,高麗菜,芝麻油
479809,高麗菜,鹽昆布
476128,高麗菜,小高麗菜
476128,高麗菜,蛋
476128,高麗菜,醬油
476128,高麗菜,蘿蔔絲
476128,高麗菜,烏醋
476128,高麗菜,木耳絲
476128,高麗菜,胡椒粉
476128,高麗菜,蔥
476128,高麗菜,蒜頭
471981,高麗菜,高麗菜
471981,高麗菜,紅蘿蔔
471981,高麗菜,中筋麵粉
471981,高麗菜,洋蔥
471981,高麗菜,全蛋
471981,高麗菜,烹大師鰹魚風味
471981,高麗菜,豬絞肉
471981,高麗菜,冷開水
471981,高麗菜,鹽
471981,高麗菜,日式美奶滋
471981,高麗菜,甜口美奶滋
471981,高麗菜,蔥花
471981,高麗菜,橄欖油
471981,高麗菜,黑胡椒粉
471981,高麗菜,柴魚片
478733,高麗菜,高麗菜
478733,高麗菜,鹽昆布
478733,高麗菜,香油
479669,高麗菜,高麗菜
479669,高麗菜,洋蔥
479669,高麗菜,糖稀糖漿
479669,高麗菜,青蔥
479669,高麗菜,韓式粗辣椒粉
479669,高麗菜,蒜末
479669,高麗菜,白醋
479669,高麗菜,魚露
479669,高麗菜,醬油
479669,高麗菜,粗辣椒片
479669,高麗菜,細紅辣椒粉
479669,高麗菜,熟白芝麻
479669,高麗菜,熟黑芝麻
479669,高麗菜,芝麻香油
479669,高麗菜,雞粉
479669,高麗菜,牛肉粉
477225,高麗菜,李錦記頭道零添加原釀醬油
477225,高麗菜,絞肉
477225,高麗菜,香菇
477225,高麗菜,胡椒鹽
477225,高麗菜,洋蔥
477225,高麗菜,香油
477225,高麗菜,高麗菜片
474541,高麗菜,高麗菜絲
474541,高麗菜,全蛋
474541,高麗菜,鮮味炒手
474541,高麗菜,芝麻油
474541,高麗菜,黑胡椒粉
474541,高麗菜,白胡椒粉
478897,高麗菜,剩飯
478897,高麗菜,香菇
478897,高麗菜,淡味醬油
478897,高麗菜,乾蝦仁
478897,高麗菜,胡椒粉
478897,高麗菜,高麗菜
478897,高麗菜,水
478897,高麗菜,肉絲
474828,高麗菜,培根
474828,高麗菜,高麗菜
474828,高麗菜,蒜
474828,高麗菜,豬油
474828,高麗菜,鹽巴
475306,高麗菜,高麗菜
475306,高麗菜,香菇
475306,高麗菜,醬油
475306,高麗菜,紅蘿蔔
475306,高麗菜,白胡椒粉
475306,高麗菜,冬粉
475306,高麗菜,豬肉肥瘦都可
475306,高麗菜,食油
475306,高麗菜,冷水
475306,高麗菜,香油
475306,高麗菜,酒
475306,高麗菜,食用油
474920,高麗菜,高麗菜
474920,高麗菜,鹽
474920,高麗菜,煎雞排的油
474920,高麗菜,枸杞
473664,高麗菜,蛋
473664,高麗菜,高麗菜
473664,高麗菜,白飯或隔夜飯
473664,高麗菜,蔥
473664,高麗菜,蒜
473664,高麗菜,醬油
473664,高麗菜,食用油
477978,高麗菜,五花肉
477978,高麗菜,水餃皮
477978,高麗菜,鹽
477978,高麗菜,玉米罐
477978,高麗菜,味精
477978,高麗菜,高麗菜
477978,高麗菜,素蠔油
477978,高麗菜,香油
477917,高麗菜,高麗菜嬰小顆
477917,高麗菜,紅蘿蔔
477917,高麗菜,鹽
477917,高麗菜,蒜瓣小顆
477917,高麗菜,辣椒去籽
477917,高麗菜,天時野櫻莓果醋
478205,高麗菜,白米
478205,高麗菜,筍子
478205,高麗菜,高麗菜
478205,高麗菜,肉絲
478205,高麗菜,鹽巴
478205,高麗菜,白胡椒粉
478205,高麗菜,醬油
478205,高麗菜,米酒
478205,高麗菜,油
475277,高麗菜,高麗菜絲
475277,高麗菜,洋菇切片
474189,高麗菜,低筋麵粉
474189,高麗菜,高麗菜
471980,高麗菜,高麗菜
471980,高麗菜,雞胸肉
471980,高麗菜,雞粉
471980,高麗菜,鹽
471980,高麗菜,米酒
471980,高麗菜,香油
471980,高麗菜,味增
471980,高麗菜,味霖
473274,高麗菜,高麗菜
473274,高麗菜,香菇
473274,高麗菜,蝦米
473274,高麗菜,鹽
473274,高麗菜,蒜
476533,高麗菜,高麗菜
476533,高麗菜,鹽
476533,高麗菜,蒜瓣
476533,高麗菜,油
474408,高麗菜,高麗菜
474408,高麗菜,剩白飯
474408,高麗菜,醬油
474408,高麗菜,雞蛋
474408,高麗菜,糖
474408,高麗菜,蔥花
474408,高麗菜,鹽
475779,高麗菜,白飯
475779,高麗菜,臘肉
475779,高麗菜,高麗菜心
475779,高麗菜,蔥
475779,高麗菜,蒜苗
475779,高麗菜,醬油
475779,高麗菜,黑胡椒粉
475779,高麗菜,辣椒不辣的
475779,高麗菜,米酒
477700,高麗菜,高麗菜嬰
477700,高麗菜,台灣蒜瓣
477700,高麗菜,油
477700,高麗菜,鹽
477700,高麗菜,米酒
474172,高麗菜,高麗菜葉
474172,高麗菜,傳統板豆腐
474172,高麗菜,紅蘿蔔去皮
474172,高麗菜,芹菜梗
474172,高麗菜,鹽
474172,高麗菜,白胡椒粉
474172,高麗菜,烹大師香菇風味
474172,高麗菜,義大利麵
475327,高麗菜,高麗菜
475327,高麗菜,油
475327,高麗菜,鹽
473953,高麗菜,高麗菜
473953,高麗菜,蒜頭
473953,高麗菜,朝天椒
473953,高麗菜,糖
473953,高麗菜,米醋白醋
473953,高麗菜,鹽巴
473953,高麗菜,ro水
473953,高麗菜,紅蘿蔔
473953,高麗菜,脆梅
471451,高麗菜,高麗菜
471451,高麗菜,薑片
471451,高麗菜,醬油
471451,高麗菜,三層肉
471451,高麗菜,白胡椒粉
459784,高麗菜,高麗菜
459784,高麗菜,紅蘿蔔絲
459784,高麗菜,青蔥末
459784,高麗菜,雞蛋
459784,高麗菜,麵粉
459784,高麗菜,鹽
459784,高麗菜,雞粉
459784,高麗菜,味霖
479055,高麗菜,高麗菜
479055,高麗菜,紅蘿蔔
479055,高麗菜,洋蔥
479055,高麗菜,雞蛋
479055,高麗菜,玉米罐頭
479055,高麗菜,冷飯或隔夜飯
479055,高麗菜,低鹽醬油
479055,高麗菜,鹽巴
479055,高麗菜,胡椒粉
474215,高麗菜,高麗菜
474215,高麗菜,絞肉
474215,高麗菜,蒜頭
474215,高麗菜,醬油
474215,高麗菜,鹽巴
473811,高麗菜,豬絞肉細
473811,高麗菜,高麗菜
473811,高麗菜,醬油膏
473811,高麗菜,蔥
473811,高麗菜,醬油清
473811,高麗菜,水餃皮大張
473811,高麗菜,韭菜
473811,高麗菜,麻油
473811,高麗菜,薑泥
473811,高麗菜,香油
473811,高麗菜,白胡椒粉
473811,高麗菜,米酒
473811,高麗菜,水
473811,高麗菜,味霖
473811,高麗菜,柴魚粉
473811,高麗菜,鹽巴
473811,高麗菜,蒜香粉
476802,高麗菜,高麗菜
476802,高麗菜,紅蘿蔔丁
476802,高麗菜,乾香菇
476802,高麗菜,魚漿
476802,高麗菜,豬絞肉絞細
469623,高麗菜,高麗菜
460508,高麗菜,雞蛋
460508,高麗菜,高麗菜乾
460508,高麗菜,雞粉
460508,高麗菜,鹽
473626,高麗菜,高麗菜
473626,高麗菜,豆包
473626,高麗菜,素沙茶
473626,高麗菜,油
473626,高麗菜,水
473626,高麗菜,鹽
475063,高麗菜,高麗菜
475063,高麗菜,煎雞排的油
475063,高麗菜,鹽
